ProductId,ProductName,Produce_Date,ProductOrderNum,OrderId
1,amattheissen0,16/08/2014,19-185-6200,1
2,vdaldry1,14/11/2014,47-706-3218,2
3,abalm2,17/09/2015,62-260-9889,3
4,mcattrell3,06/05/2015,38-474-3723,4
5,jhaldane4,25/02/2014,46-432-8616,5
6,gmcallister5,01/02/2016,10-474-9475,6
7,wthurlow6,18/05/2014,98-421-1265,7
8,abrodway7,08/12/2015,58-048-1147,8
9,bcaesmans8,16/12/2015,88-997-9490,9
10,glazer9,17/10/2015,53-957-5593,10
11,hcastangiaa,15/04/2017,22-121-3929,11
12,mgorickeb,06/10/2012,92-551-1263,12
13,vwilloughbyc,01/02/2016,68-283-8655,13
14,kmcteggartd,06/01/2016,21-236-2202,14
15,jgoddertsfe,27/02/2013,69-269-0768,15
16,lcomarf,26/02/2016,98-771-5177,16
17,sjanneyg,21/08/2013,50-286-5478,17
18,coberth,07/01/2014,61-193-6175,18
19,cchavesi,01/03/2016,53-391-0359,19
20,echallinerj,31/05/2013,12-395-3868,20
21,mhailstonk,20/08/2014,51-087-5710,21
22,akearfordl,06/08/2016,01-241-5895,22
23,keisikowitchm,19/08/2017,40-939-0263,23
24,cslocumbn,10/12/2015,97-962-7366,24
25,mtregearo,08/03/2015,82-086-5298,25
26,mpitkeathleyp,21/10/2012,43-904-0812,26
27,rmakinsonq,24/02/2015,84-907-7817,27
28,bkeavesr,21/07/2017,52-033-8300,28
29,tboogs,16/12/2014,03-159-6859,29
30,idelapt,03/12/2013,70-583-0613,30
31,pbreweru,30/11/2012,55-889-8728,31
32,gshardlowv,07/10/2015,40-053-1018,32
33,hsteelw,20/08/2013,76-696-6493,33
34,tmeekinx,12/08/2013,40-201-8979,34
35,shudely,22/09/2013,25-016-2599,35
36,iilivez,04/08/2014,92-385-8672,36
37,obellchamber10,12/04/2015,64-268-7817,37
38,shaine11,06/05/2017,31-063-4629,38
39,bbutlerbowdon12,05/04/2013,63-720-4925,39
40,pgitsham13,27/08/2016,13-184-8418,40
41,jmount14,25/08/2014,71-322-8733,41
42,bovernell15,21/12/2015,48-556-4906,42
43,pkindred16,19/02/2016,56-439-9479,43
44,edulson17,11/04/2017,89-480-3955,44
45,calexander18,12/05/2014,55-832-2154,45
46,bciciura19,31/10/2014,01-683-9568,46
47,poswick1a,01/12/2013,72-991-9521,47
48,afriett1b,25/08/2014,09-139-1921,48
49,ogedge1c,14/10/2013,24-466-1671,49
50,reasom1d,14/02/2014,07-622-7395,50
51,jkestell1e,07/09/2015,52-358-9435,51
52,esleit1f,13/11/2014,88-629-1993,52
53,cishaki1g,28/01/2016,10-049-2725,53
54,amacneish1h,17/01/2017,57-114-8700,54
55,bgudgen1i,17/01/2017,28-695-5025,55
56,ehenryson1j,22/02/2015,47-047-9911,56
57,jbrindley1k,24/12/2012,55-224-3941,57
58,mmacshirie1l,23/07/2014,68-522-3440,58
59,krennison1m,03/07/2014,82-210-9371,59
60,jmckeating1n,14/05/2013,18-180-1159,60
61,omactrustram1o,27/01/2017,86-576-7215,61
62,tswanger1p,22/10/2016,62-281-9703,62
63,mfaucett1q,19/07/2014,43-207-1795,63
64,caleksankov1r,01/10/2016,07-359-5134,64
65,ichell1s,27/11/2012,79-741-0873,65
66,grugge1t,03/01/2013,30-055-8336,66
67,pdikles1u,24/11/2014,38-782-0220,67
68,mhorsley1v,07/03/2013,13-481-5847,68
69,aastbury1w,02/11/2012,57-956-1031,69
70,lhirschmann1x,01/02/2016,60-086-9201,70
71,ksewley1y,23/02/2015,17-756-4342,71
72,mswire1z,28/12/2015,27-216-8586,72
73,dpancast20,13/11/2013,20-837-8440,73
74,kmckeney21,26/07/2017,51-013-3328,74
75,noscollee22,19/11/2013,25-145-9640,75
76,mcolerick23,28/04/2016,34-709-5963,76
77,tkeer24,26/04/2014,11-573-0790,77
78,nhansbury25,26/12/2012,97-934-6101,78
79,fdumphy26,18/04/2014,53-072-3697,79
80,gjocelyn27,24/01/2015,51-745-0612,80
81,vfaireclough28,21/07/2016,45-040-6436,81
82,vsleford29,30/10/2014,78-873-6795,82
83,aarson2a,14/01/2015,03-364-3495,83
84,cnorthidge2b,19/04/2015,60-432-2773,84
85,rsylvester2c,28/03/2013,99-466-4282,85
86,zgreenan2d,14/01/2014,29-727-2514,86
87,gskuse2e,17/01/2017,76-406-2485,87
88,rector2f,07/11/2012,78-323-1188,88
89,nbere2g,09/11/2016,48-921-7912,89
90,darboin2h,25/05/2014,40-538-1343,90
91,egaynor2i,02/01/2014,44-124-8416,91
92,dglowacha2j,10/02/2016,50-142-7825,92
93,vdungey2k,05/10/2013,23-577-1869,93
94,llintall2l,02/07/2016,34-605-8329,94
95,mberntssen2m,30/04/2014,88-507-7568,95
96,gpetchell2n,11/09/2013,82-340-5775,96
97,cpoytress2o,27/07/2014,51-378-9743,97
98,hpulsford2p,26/07/2015,67-723-0788,98
99,rkleszinski2q,11/10/2015,24-957-6044,99
100,asaltern2r,22/06/2014,48-249-1920,100
101,mmckeever2s,03/04/2017,47-247-3643,101
102,asweynson2t,18/10/2013,84-764-5972,102
103,ahancke2u,29/04/2017,41-343-6315,103
104,kyurchenko2v,25/10/2013,90-908-4177,104
105,bshemilt2w,18/12/2014,70-972-6315,105
106,gkreutzer2x,28/02/2015,64-534-3710,106
107,ldurbyn2y,30/07/2016,28-499-4399,107
108,dkyne2z,20/10/2015,51-812-5287,108
109,pdikles30,06/11/2013,66-893-4790,109
110,jcurr31,21/05/2017,60-179-5523,110
111,rriggoll32,18/01/2017,83-651-1377,111
112,dfairpool33,28/05/2015,07-622-3087,112
113,msollner34,25/11/2013,12-281-0646,113
114,mkainz35,31/12/2014,93-631-3587,114
115,mroddick36,11/11/2013,01-298-7865,115
116,kskirvin37,13/12/2015,12-872-9211,116
117,laimeric38,16/08/2015,28-339-0598,117
118,ltreuge39,24/10/2015,67-585-4059,118
119,ymckinn3a,20/05/2013,56-814-9122,119
120,sreddan3b,12/03/2017,22-158-7024,120
121,jwheater3c,14/05/2014,61-507-7999,121
122,gsreenan3d,06/02/2017,23-991-6982,122
123,jkenvin3e,02/03/2015,81-847-9229,123
124,rchadburn3f,07/12/2016,75-335-1864,124
125,cbynert3g,30/04/2016,47-043-6882,125
126,wtewelson3h,28/06/2017,23-970-7130,126
127,tboggon3i,11/05/2015,45-508-0863,127
128,cshellibeer3j,17/09/2016,75-989-9819,128
129,aroseby3k,05/12/2014,42-007-1583,129
130,cgoulborn3l,28/02/2015,77-117-8943,130
131,mmushawe3m,14/05/2015,43-739-8160,131
132,mluberti3n,24/07/2013,34-640-1520,132
133,ganeley3o,04/05/2015,92-906-8222,133
